{"cameraMode":{"drawMode":0,"name":"Shaded","section":"Shading Mode"},"sceneLighting":true,"audioPlay":false,"sceneViewState":{"showFog":true,"showMaterialUpdate":false,"showSkybox":true,"showFlares":true,"showImageEffects":true,"showParticleSystems":true},"in2DMode":false,"pivot":{"x":2.741389274597168,"y":-44.75166320800781,"z":102.26505279541016},"rotation":{"x":-0.22921907901763917,"y":0.016640856862068178,"z":-0.003919390961527824,"w":-0.9732247591018677},"size":124.78690338134766,"orthographic":false}