{"cameraMode":{"drawMode":0,"name":"Shaded","section":"Shading Mode"},"sceneLighting":true,"audioPlay":false,"sceneViewState":{"showFog":true,"showMaterialUpdate":false,"showSkybox":true,"showFlares":true,"showImageEffects":true,"showParticleSystems":true},"in2DMode":false,"pivot":{"x":-0.09221906960010529,"y":1.4470194578170777,"z":3.3586785793304445},"rotation":{"x":0.02800697647035122,"y":-0.11788413673639298,"z":0.0033228734973818065,"w":0.9926267862319946},"size":2.1210126876831056,"orthographic":true}