{"cameraMode":{"drawMode":0,"name":"Shaded","section":"Shading Mode"},"sceneLighting":true,"audioPlay":false,"sceneViewState":{"showFog":true,"showMaterialUpdate":true,"showSkybox":true,"showFlares":true,"showImageEffects":true,"showParticleSystems":true},"in2DMode":false,"pivot":{"x":-364.75994873046877,"y":-46.84777069091797,"z":212.15927124023438},"rotation":{"x":-0.052274059504270557,"y":0.4969291090965271,"z":-0.03000623919069767,"w":-0.8656954169273377},"size":438.3293762207031,"orthographic":false}