{"cameraMode":{"drawMode":0,"name":"Shaded","section":"Shading Mode"},"sceneLighting":true,"audioPlay":false,"sceneViewState":{"showFog":true,"showMaterialUpdate":true,"showSkybox":true,"showFlares":true,"showImageEffects":true,"showParticleSystems":true},"in2DMode":false,"pivot":{"x":1.472900390625,"y":5.1494140625,"z":1.22265625},"rotation":{"x":0.06855197250843048,"y":0.5089108347892761,"z":-0.04070473462343216,"w":0.8571193218231201},"size":11.689567565917969,"orthographic":true}